year,per capita income (US$)
1970,3399.299037
1971,3768.297935
1972,4251.175484
1973,4804.463248
1974,5576.514583
1975,5998.144346
1976,7062.131392
1977,7100.12617
1978,7247.967035
1979,7602.912681
1980,8355.96812
1981,9434.390652
1982,9619.438377
1983,10416.53659
1984,10790.32872
1985,11018.95585
1986,11482.89153
1987,12974.80662
1988,15080.28345
1989,16426.72548
